{"options":{"check_for_updates":true,"comment":null,"compat_foreach":false,"compat_metadata":false,"compat_prototypes":false,"compat_wrappedjsobject":false,"compatopts_for_requires":true,"noframes":null,"override":{"merge_connects":true,"merge_excludes":true,"merge_includes":true,"merge_matches":true,"orig_connects":["rmdown.com","*"],"orig_excludes":[],"orig_includes":["http*://*/htm_data/*.html","http*://*/htm_mob/*.html","http*://*/read.php?fid=*","http*://*/thread0806.php*","http*://*t66y.com/*","http*://picbaron.com/*","http*://img599.net/*","http*://www.rmdown.com/*","http*://download.bbcb.tw/*","http*://www.imgbabes.com/*","http*://motelppp.com/*","http*://www.viidii.info/?action=image*","/https?://\\w+\\.\\w+\\.(icu|xyz)/index\\.php/"],"orig_matches":[],"orig_noframes":null,"orig_run_at":"document-end","use_blockers":[],"use_connects":[],"use_excludes":[],"use_includes":[],"use_matches":[]},"run_at":null},"settings":{"enabled":true,"position":11},"meta":{"name":"1024浏览助手","uuid":"4ea8eeb3-d485-4868-bf91-808c048a2664","modified":1622382043216,"file_url":"https://sleazyfork.org/scripts/398915-1024%E6%B5%8F%E8%A7%88%E5%8A%A9%E6%89%8B/code/1024%E6%B5%8F%E8%A7%88%E5%8A%A9%E6%89%8B.user.js"}}