{"data":{"AdsStyleMode_Baidu":"s3","AdsStyleMode_Google":"s3","Config":"s{\"isRedirectEnable\":true,\"isAdsEnable\":true,\"AdsStyleEnable\":true,\"AdsStyleMode_Baidu\":\"3\",\"AdsStyleMode_Google\":\"3\",\"AdsStyleMode_Bing\":\"3\",\"HuYan_Baidu\":false,\"HuYan_Google\":false,\"HuYan_Bing\":false,\"defaultHuYanColor\":\"#def1ef\",\"isUserColorEnable\":true,\"isFaviconEnable\":true,\"defaultFaviconUrl\":\"https://ae01.alicdn.com/kf/HTB1dRY0X8OD3KVjSZFFq6An9pXay.jpg\",\"doDisableSug\":true,\"isRightDisplayEnable\":false,\"isCounterEnable\":false,\"isALineEnable\":false,\"isUserStyleEnable\":false,\"UserStyleText\":\"/**计数器的颜色样式*/\\ndiv .AC-CounterT{\\n  background: #FD9999;\\n}\\n/**右侧栏的样式-其实不开启更好看一些*/\\n#content_right{\\n  padding: 20px 15px 15px;\\n  border-radius: 5px;\\n  background-color: #fff;\\n  box-sizing: border-box;\\n  box-shadow: 0 0 20px 2px rgba(0, 0, 0, .1);\\n  -webkit-box-shadow: 0 0 20px 2px rgba(0, 0, 0, .1);\\n  -moz-box-shadow: 0 0 20px 2px rgba(0, 0, 0, .1);\\n}\\n/****可以加一些自己的背景图片,替换引号内的内容为可外链的图片即可****/\\nbody[baidu]{\\n  background-repeat: repeat-y;\\n  background-size: 100%;\\n  background-attachment:fixed;\\n  background-image: url('https://timgsa.baidu.com/timg?image&quality=80&size=b9999_10000&sec=1564756277250&di=868b9eac9be14df1dedd8c7d6a710844&imgtype=0&src=http%3A%2F%2Fphotocdn.sohu.com%2F20130530%2FImg377502333.jpg');\\n}\\n/*****窗口背景的透明虚化效果*****/\\nbody>#wrapper,body>.wrap,body>#main,body #appbar,body #hdtbSum{\\n  background: rgba(225,225,225,0.8);\\n}\\n/**隐藏首页的大图标-修复可能导致外援样式异常**/\\nbody[baidu] #s_lg_img_new{\\n  display:none !important;\\n}\\n#wrapper #content_left .result, #wrapper #content_left .c-container{\\n  border-radius: 5px;\\n}\",\"oldVersion\":\"24.20\",\"isBlockEnable\":true,\"AdsStyleMode_SoGou\":\"3\",\"HuYan_SoGou\":false,\"UserBlockList\":[\"baijiahao.baidu.com\",\"support.microsoft.com\",\"jingyan.baidu.com\",\"005i.com\",\"01-123.com\",\"01-800.cn\",\"024ksm.com\",\"025pc.cn\",\"029jiakang.com\",\"054wan.com\",\"0551.us\",\"069.net\",\"079.254560.top\",\"086wl.com\",\"0937673.info\",\"100860.com\",\"103.hk\",\"10615.com.cn\",\"1141.net\",\"114saige.com\",\"123.125.114.18\",\"1233win.com\",\"125135.com\",\"14oo.cc\",\"151.com.tw\",\"15300.cn\",\"1587555.com\",\"15meili.com\",\"163081.com\",\"1666yl.com\",\"16885518.com\",\"173-fc.com\",\"17xuexi.org\",\"187801.com\",\"19kaifu.com\",\"1pyy.com\",\"20122011.org\",\"2996299.com\",\"2a2d75.dcmir4f.com\",\"30333.loan\",\"32xyj.pw\",\"360adsolutions.com\",\"360du.net.cn\",\"392623.com\",\"3jwz.com\",\"3li.cc\",\"3ssq8z.bmspzs.pw\",\"3v4.net\",\"400839.com\",\"4382.loan\",\"4659866.com\",\"4743.loan\",\"4blc.com\",\"4r8.nfjhn.com\",\"520bdy.com\",\"5467.com\",\"55118885.com\",\"567516.com\",\"56weiyu.com\",\"57c69d.bb6zz.com\",\"57zhuan.cn\",\"58pan.cn\",\"59177.net\",\"5azy.com\",\"5eso.com\",\"5pk.ah.2j0.iyu.y7.l99.m.7d6y.com\",\"611fu.com\",\"666so.cn\",\"68suan.com\",\"68xi.com\",\"710dnuv.com\",\"732722.com\",\"75q.net\",\"75yy.com\",\"77tui.cn\",\"793985.com\",\"7dianying.com\",\"7gt80.com\",\"818497.39164.com\",\"842504.com\",\"850310.com\",\"8558.me\",\"8671555.com\",\"87nmg.com\",\"8801w.com\",\"8923.download\",\"8lk.com\",\"8sou.net\",\"901209.com\",\"91096762.k201.opensrs.cn\",\"9154555.com\",\"91xfb.com\",\"9672800.win\",\"98248.loan\",\"993113.cn\",\"999kaopu.com\",\"99mingpian.com\",\"9wxs.com\",\"9yyu.com\",\"abks.hfges.top\",\"aeo.com.cn\",\"aew-sdn.com\",\"aimees.cn\",\"airsatddt.com\",\"alia.xlhad.top\",\"alisousou.com\",\"aliziarealestate.com\",\"almtlakes.org\",\"anderson-machineries.com\",\"angiefans.com\",\"antarcticshop.com\",\"anysafer.com\",\"aosae.com\",\"aptvgo.com\",\"ask.todgo.com\",\"asp.cx\",\"asspunk.iteye.com\",\"atwhcb.com\",\"baba100.com\",\"baidu.com.024women.com\",\"baidu.com.27f8d94bd0b249a6a9168b1e26efbee7.kaweiso.com\",\"baidu.com.s.2fjc5sedmhi5enihkmsurq7smzl5kzvwx2aehaa8ollo7miojqwlkkzobt0w2.e6b885e5bfae899d.zhulhua.com.cn\",\"baidu.com.se\",\"baidu.com.txzer.com\",\"baidu.fileso.com\",\"baidu.mx\",\"baidu.seo-taiwan.com\",\"baiduer.com.cn\",\"baiduwangpan.cn\",\"bainei.com\",\"baishengyl82.date\",\"barcode-label.com.cn\",\"basoso.com\",\"bbbabc.cc\",\"bbs.pcbeta.ex1.ipv6.xjklmy.com\",\"bcajw.com\",\"bdw365.com\",\"becreativeblog.com\",\"bellevuewatourism.com\",\"bg8399.com\",\"big-tits-and-round-asses.com\",\"bigdatabuy.com\",\"bigeunion.com\",\"bjhongxiangyuyu.com\",\"bjqcjh.com\",\"blog.jiecaoba.cn\",\"bmlu.com.cn\",\"boadt8.co\",\"boboad.com\",\"bocaipingji.26my.com\",\"bolangwan.com\",\"boschgl.com\",\"buylun.com\",\"bvjpsb.net\",\"bzwyl.com\",\"ca88-com.net\",\"cadfanholidays.co.uk\",\"caijing114.com\",\"cameron-a-reviews.com\",\"cbbxk.com\",\"chagzh.com\",\"chaojiss.com\",\"chaoyue.link\",\"check4herpes.com\",\"chengzi1058.com\",\"china-jianzhu.com\",\"china-nzgys.com\",\"chinadmd.com\",\"chinapentapur.com\",\"chromes.cn\",\"ciawe.com\",\"city1.cn\",\"cjsoso.com\",\"ckshishang.com\",\"classicalguitarandbeyond.com\",\"codycn.com\",\"com.sinoextruder.net.cn\",\"could2.com\",\"coutinhoadvogados.com\",\"cqsscai3188.com\",\"cqxhfgz.com\",\"cy-hl.com\",\"czmuhe.com\",\"daidaigou.org\",\"dainifei.info\",\"damingweb.com\",\"daxuesou.com\",\"ddoca.com\",\"dglangan.com\",\"dgso.cn\",\"dgth88.com\",\"dgweiliangboli.com\",\"diaochezulingongsi.com\",\"diaosizhainan.com\",\"dingfu68.com\",\"donglian640.com\",\"dongnanshan.com\",\"doo.me\",\"dpwatch8.com\",\"duanzh.com\",\"duanzhihu.com\",\"duonao.cc\",\"dxxc.com\",\"dy1991.com\",\"dyzdy.cn\",\"eayzer.com\",\"ed2ks.com\",\"edwardianjewellery.com\",\"ekyah.link\",\"enchantedauction.com\",\"eooele.com\",\"eqisou.net\",\"erdie826.com\",\"eshidai.com\",\"exthe247.com\",\"fafa42.bb6zz.com\",\"faithfilledapparel.com\",\"fastso.cn\",\"fbws.razot.top\",\"fenglangty.com\",\"ffbc57.d071.com\",\"fhkyg.cricket\",\"findapk.cn\",\"findeen.com\",\"fiscusseamlessguttering.com\",\"fjyy.ncznx.top\",\"fnk.seqe.org.cn\",\"free-lunwen.com\",\"friga.de\",\"fsyingxin.com\",\"furniturelowe.com\",\"fzjk.kxhsm.top\",\"gaaf.klvgb.loan\",\"gaiwen.com\",\"gametalk.site\",\"gaojiq.cn\",\"gd12121.com\",\"geiso.cn\",\"getool.com\",\"gfsoso.zj005.com\",\"gfsousou.cn\",\"gfsstp.com\",\"ggc-asia.com\",\"gkgjws.com\",\"glassessalecp.com\",\"gogonews.cc\",\"googqi.com\",\"gouo.cn\",\"gufen138.com\",\"guilinshouji.com\",\"guiyangjia.com\",\"gxy995.com\",\"gz-has.com\",\"gzdxdjk.com\",\"haier188.us\",\"hang365.com\",\"hangyexia.com\",\"hao123.0554.us\",\"hao136.com\",\"hao8.net\",\"haorizs.com\",\"haoxp123.com\",\"haoyiwuliu.com\",\"hblp.cn\",\"hbzfgs.com\",\"hcoj.uonwt.download\",\"hd800.net\",\"hdnkm.com\",\"hedo188.com\",\"henankuai328.bid\",\"hgfzf.cn\",\"hgmfy.cn\",\"hicaopan.com\",\"highdesertboutiquevendors.com\",\"hitalk.site\",\"hjtoysco.cn\",\"hk.kuaiso.com\",\"hmgzj.cn\",\"honghuahui.app\",\"hongsheng1998.com\",\"hoosoo.cc\",\"howsou.com\",\"hq396.com\",\"hssjw.cn\",\"htdzzk.com.cn\",\"huanqiao406.com\",\"huo123.cc\",\"hxfldsz.com\",\"hyyl186.com\",\"hz-xin.com\",\"hzreader.com\",\"i3baby.com\",\"iaac.com.cn\",\"icanopen.com\",\"icb2011.com\",\"ikue.info\",\"image.haosou.com\",\"insideabritishmumskitchen.com\",\"iuham.com\",\"izlax.cn\",\"jalsys.com\",\"jayunqi.com\",\"jiajvhuishou.com\",\"jimengli.com\",\"jingzhunqy.com\",\"jinhua888.cn\",\"jiuto.cn\",\"jiuwei.kuaiso.com\",\"jjj.gra-bnoqp.mianfeiwenku.com\",\"jk.zhihu.la\",\"jlytgs.com\",\"jms88bwq.com\",\"jollyny.com\",\"jordanoliveira.com\",\"jsgaoxin.com\",\"jshyjj.com\",\"jslzx.com\",\"jsso.cc\",\"jusoso.com\",\"jzhyfrp.com\",\"kafan.cn\",\"kaitianqi.com\",\"kaoyu.org\",\"kathymorganvoice.com\",\"kbck.tzrui.top\",\"kerrismn.com\",\"kknews.cc\",\"kkth.xj.cn\",\"ksxianglu.com\",\"kuaidichaxun.com.cn\",\"kuaisan9588.cc\",\"kuaiso.hk\",\"kubh.lkcpz.download\",\"kxwo.com\",\"lcjkgc.cn\",\"lfkz.ucvst.top\",\"lighteningtikes.com\",\"linksure.cn\",\"linqq.net\",\"live1234.com.cn\",\"lkjfglass.com\",\"lkmheatlock.com\",\"llzdhb.com\",\"lomoo.com\",\"lotterychina.cn\",\"lubianfeng.com\",\"luntan88.com\",\"luton-china.com\",\"luxury-condos-miami.com\",\"lvse.com\",\"lxway.com\",\"ly-sz1y.com\",\"lzf2012.usa10.sethost.cn\",\"m7v.org\",\"mdlpg.com\",\"mdlps.com\",\"mdlpt.com\",\"meirongbala.com\",\"meixiaqu.com\",\"mensconsignment.com\",\"middermacon18.com\",\"minimidimaxidress.com\",\"mittagongmultimedia.com\",\"mobilephoneslive.com\",\"moktime.com\",\"mosuo.com.cn\",\"mosuo.net\",\"mt-v.com\",\"mthmq.com\",\"mtsdb.com\",\"mtsou.com\",\"mtzdyyey.com\",\"mushihua.org\",\"mx185.com\",\"mxgroup.ru\",\"nenjiaren.com\",\"newcastle.net.cn\",\"news.yszx2a.com\",\"nexteer.cc\",\"nimasou.me\",\"nmhjw.cn\",\"nong.09086.cn\",\"nongyetai.com\",\"ntustsg.com\",\"nxtoten.com\",\"o2onlyone.net\",\"offblastsoftworks.com\",\"ohoneyjade.com\",\"oikm.net\",\"okzixun.net\",\"ooxy.esgpm.top\",\"ose.cc\",\"ost-us.com\",\"otrjobmatch.com\",\"ouiot.com\",\"ouyiyule8.com\",\"padiran-restaurant.com\",\"palicaishi.com\",\"pan.haoii123.com\",\"pan.yini.me\",\"peiyige.com\",\"pexim.vn\",\"photoplayhouse.com\",\"pigfun.cn\",\"pitalitobicentenario.com\",\"platinumpro-online.com\",\"pledz.cn\",\"q2xaea.aqzlmy.pw\",\"q5j.org\",\"qcuao.top\",\"qianzhaopeng.com\",\"qiongbaba.net\",\"qiongwengc.cn\",\"qiuzhi5.com\",\"qqcaipu.com\",\"qqshouyou.com\",\"qqzhix.com\",\"qslcg.com\",\"qslcz.com\",\"quanbuso.com\",\"qubaidu.cn\",\"qubian.cn\",\"quweiso.com\",\"qyqstore.com\",\"rcxtw.cn\",\"re2n9p.fmtywj.pw\",\"read01.com\",\"reallifetucson.com\",\"relcare.com.cn\",\"renniboix.loan\",\"rjqyl.com\",\"rkgpc.date\",\"rockero.com.py\",\"rtmj.net\",\"ry8zx.com\",\"rzki.gibmk.download\",\"sadyr.party\",\"sanwenba.com\",\"saojiejie.023mp.net\",\"saopaulocalling.org\",\"saryagash-tour.com\",\"sdbeta_com.sx11xuan561.review\",\"sdcnjt.com\",\"sdlhw.com.cn\",\"sdrb.net\",\"sdss.cn\",\"sdwanbo.com\",\"search.discuz.qq.com\",\"shatangju.net\",\"shcg.cn\",\"shen-zhan.com\",\"shengyijixie.com\",\"shiai4444.com\",\"shkxsy.cn\",\"shuangsan.cn\",\"shzewang.com\",\"sitevalue.net\",\"sj.itdqs.com\",\"sj55.org\",\"sk2.net\",\"skyline-pallc.com\",\"sl800.cn\",\"smallbizdiary.com\",\"smtp.ns2.mywindowsolution.com\",\"snplw.cn\",\"so.100lw.com\",\"so.365vsh.com\",\"so.520meiyuan.com\",\"so.7coder.com\",\"so.81282.com\",\"so.812dj.com\",\"so.alc360.com\",\"so.anggang.com\",\"so.ciliba.com\",\"so.cokcn.cn\",\"so.cyweb.cn\",\"so.dedeadmin.com\",\"so.edczg.cn\",\"so.gnsoso.com\",\"so.haowen.org\",\"so.lcxzs.cn\",\"so.lkeshangpc.cn\",\"so.nalc.com.cn\",\"so.nshidai.net\",\"so.sanlou.net\",\"so.shenbojiawangbs.com\",\"so.ttywx.com\",\"so.tz365.cn\",\"so.v3v4.com\",\"so.vineken.com\",\"so.vjiangyin.net\",\"so.xiaohuihui.net\",\"so.xn--vhq2kx24m.com\",\"so.xy123.cc\",\"so.yunfei89.com\",\"so.zanhuangwang.com\",\"so.znqnet.com\",\"soba123.com\",\"sokutu.com\",\"somjj.com\",\"sotop.org\",\"sou-deng.com\",\"sou.linmingyao.cn\",\"sou.sfe8.com\",\"soudiy.com\",\"soumoye.com\",\"souzhuang.cn\",\"speed.m.baidu.com\",\"standfordiabetes.com\",\"sugarfree-photo.com\",\"sundaeshoes.com\",\"supermobileqa.com\",\"svwlx.cn\",\"szredsafe.com\",\"tanghtine.com\",\"taozx.cn\",\"tapatalk.com\",\"taptapdashonline.com\",\"tarinaka.com\",\"techwrestler.com\",\"telanganatopnews.com\",\"tenjiao.net\",\"tg9.com\",\"thaigraphicdesign.com\",\"thegentlemensboxinggym.com\",\"themortgagebeyondnetwork.com\",\"tianman602.com\",\"tihaofree.com\",\"tjqncj.com\",\"tmjd.27mai.com\",\"tomatoesweb.com\",\"toms2013.com\",\"tongso.com\",\"tool.jqhnt.com.cn\",\"tpiorg.com\",\"tpofy.com\",\"tpst.com.cn\",\"trendsshop.cn\",\"tsns.xyz\",\"tttiii.cc\",\"uomgb.com\",\"uqseo.com\",\"valuesfootprint.com\",\"vcaaz.com\",\"verycd9.com\",\"vfbp.vqyew.loan\",\"vhnaea8.com\",\"vickarsgroup.com\",\"visionaras.com\",\"vpsmm.com\",\"w-yue.com\",\"walkthetalkblog.com\",\"wallpaper-photos.com\",\"wanzi163.com\",\"wd.haosou.com\",\"web.mybnb.tw\",\"weiaizu.com\",\"weibaoju.com\",\"weivb.com\",\"weixingon.com\",\"wenku1.com\",\"wenshanok.com\",\"wenshuw.com\",\"westsectionclub.com\",\"whitneytembelis.com\",\"wienfm.com\",\"wikioi.com\",\"wodekuandai.com\",\"woso.cn\",\"wpwfg.cn\",\"wuji8.com\",\"wwtw.yeane.top\",\"www-54197.com\",\"www.10241314.com\",\"www.128ic.com\",\"www.1515u.com\",\"www.17dotaba.com\",\"www.1mpi.com\",\"www.26531.loan\",\"www.5730.net\",\"www.81819.download\",\"www.aaiv.net\",\"www.acehfoto.com\",\"www.allweblink.com\",\"www.baidu.com.swd1rsv_spt1rsv_iqid.1234on.com\",\"www.biabu.com.cn\",\"www.bntuan.com\",\"www.cdbao.ex5.ipv6.xjklmy.com\",\"www.chineseinla.com\",\"www.dflag.pw\",\"www.dgbx888.com\",\"www.doczj.com\",\"www.efwm.qswrj.download\",\"www.esame.cn\",\"www.fags.vdeaj.top\",\"www.fatie.me\",\"www.feihongxuexiao.com\",\"www.feqn.top\",\"www.findeen.co.uk\",\"www.free699.com\",\"www.haoqu.org\",\"www.help315.com.cn\",\"www.hnsmpf.com\",\"www.ijinfa.cn\",\"www.intowuzhen.com\",\"www.iyangzhi.com\",\"www.jbsmzx.com\",\"www.jinbei.com\",\"www.jixiangfang.ws\",\"www.jonf.info\",\"www.lightfly.com.cn\",\"www.liwuxian.com\",\"www.ljkqj.loan\",\"www.lxway.net\",\"www.mai520.cn\",\"www.mianfeiwendang.com\",\"www.ncgtw.com\",\"www.niubb.net\",\"www.notwiki.cn\",\"www.pcok100.com\",\"www.pjmrw.cn\",\"www.pjszy.com\",\"www.psgy.qqabf.download\",\"www.pzft.xekjn.top\",\"www.qiandaohutrip.cn\",\"www.qioa.pw\",\"www.shdisheng.cn\",\"www.shenso.wang\",\"www.shve.org\",\"www.sjzdsy.com\",\"www.slavadesigns.com\",\"www.sodocs.net\",\"www.sulianqi.cn\",\"www.tceic.com\",\"www.teentube18.org\",\"www.uberalift.com\",\"www.usechinavpn.com\",\"www.usku.xawqr.accountant\",\"www.v6lr.adnfn.link\",\"www.vnlr.tduaz.top\",\"www.ways2u.com\",\"www.weimeiba.com\",\"www.wyel.okqqz.top\",\"www.wywqw.net\",\"www.xinguge.cn\",\"www.xjguke.com.cn\",\"www.xlfz.ybswv.top\",\"www.xuie.pw\",\"www.yxjcfjzz.com\",\"www.zeqa.mygqi.top\",\"www.zhenhesaun.com\",\"www.zhihu.la\",\"www.zodiacthefest.com\",\"www3.udpdu.com\",\"wznk.net\",\"xablgt.cn\",\"xalssy.com.cn\",\"xaylqh.com\",\"xayyzsgc.com\",\"xdrn.net\",\"xiaohui482.com\",\"xiaosou.cc\",\"xieetuuy.com\",\"xilr.uwudk.top\",\"xima.org\",\"xinfuq.cn\",\"xjdpg.cn\",\"xjlmst.com\",\"xmtx88.com\",\"xs.zhihu.la\",\"xuyich.com\",\"xzhetdq.com\",\"yanapozarin.com\",\"yataitextile.com\",\"ybkhw.cn\",\"ycluomen.com\",\"ydxyw.cn\",\"yeeed.com\",\"yfytw.com\",\"yibinyd.com\",\"yidiansousuo.com\",\"yingyuwen.com\",\"yinweiaihuoguo.com\",\"yinxiu266.com\",\"yiper.cn\",\"yjebh.com\",\"yjhxw.cn\",\"yjsou.cn\",\"ymeid.com\",\"yngymy.com\",\"yogacorepower.com\",\"yon.hk\",\"yougaowang.com\",\"yqkk.ynzmb.loan\",\"yqso.cn\",\"ysou.pw\",\"yteh.xpwqq.download\",\"ytswx.com\",\"ywzvx.top\",\"yysit.com\",\"zbzhanheng.com\",\"zcndt.cn\",\"ze3.234665.top\",\"zftmw.com\",\"zggqyl.com\",\"zgscxly.com\",\"zhajun.com\",\"zhanso.cn\",\"zhaozhuji.com\",\"zhihujingxuan.com\",\"zhizhusou.com\",\"zhongguogongyi.com\",\"zhongrunzx.com\",\"zipperjob.cn\",\"zircondentalcraft.com\",\"zjlianteng.com\",\"zpcsg.cn\",\"zrzwpa.com\",\"zuiyese.com\",\"zvazx.link\",\"zx001.com.cn\",\"zxbx.awejp.top\",\"zyldjd.com\",\"zz759.com\",\"zzhesheng.com\",\"zzjwcf.com\",\"dqzdhw.com\",\"wangshuai.net\",\"yw168.cn\",\"obnseo.com\",\"mtgrupovega.com\",\"bongnao.cn\",\"beqve.cn\",\"kabaresta.com\",\"wntzx.cn\",\"my-olli.com\",\"voorp.com\",\"abadisurvey.com\",\"lvv2.com\",\"xinhexinli.com\",\"puataiwan.com\",\"oneho.cn\",\"lanzhouyangsheng.com\",\"4910.com\",\"fydqw.com\",\"tujour.com\",\"weixineda.com\",\"dc120.com.cn\",\"591522.com\",\"qu02.com\",\"sh-jieao.com\",\"51ttxue.com\",\"trust1688.com\",\"hotbak.net\",\"tizuh.cn\",\"lyy57.cn\",\"gbfgg.cn\",\"a372.cn\",\"23scg.cn\",\"l3x3.cn\",\"38953h.cn\",\"807z8.cn\",\"5k33i.cn\",\"507q96.cn\",\"hgqbq.cn\",\"k3m8dr.cn\",\"6ke89.cn\",\"wjxwlr.cn\",\"me348i.cn\",\"ysboss.cn\",\"video12996-gov.top\",\"u158q5.cn\",\"kk159p.cn\",\"video8496-gov.top\",\"video16106-gov.top\",\"video14626-gov.top\",\"video14536-gov.top\",\"video12366-gov.top\",\"video6556-gov.top\",\"video12326-gov.top\",\"video18786-gov.top\",\"video16086-gov.top\",\"video10216-gov.top\",\"4c94.cn\",\"seedsbuddy.com\",\"amzalborz.com\",\"mrslevin.com\",\"nbyoho.com\",\"oliobonamini.com\",\"grinstreet.ru\",\"zhipanyou.com\",\"bdqxgw.com\",\"252yy.net\",\"zhipanyou.com\",\"pinxia.cc\",\"stackoom.com\",\"webplus.org.cn\",\"qastack.cn\",\"twypage.com\",\"tjjltx.com\",\"yoneihan.com\",\"szaksd.com\",\"haoyar.com\",\"haohuolife.com\",\"kushalinfra.com\",\"zixundingzhi.com\",\"uslos.com\",\"65at.cc\",\"shxy888.com\",\"cxjygj.com\",\"joyk.com\",\"gionee.com\",\"bccrwp.org\",\"thinbug.com\",\"wldbs.com\",\"vpsak.com\",\"esihui.com\",\"9000wy.info\",\"ek162.com\",\"systemcity.cn\",\"daokeyou.top\",\"hkhvd.com\",\"whysw88.com\",\"xianfanglei.com\",\"jxsfgg.com\",\"kknews.cc\",\"qu02.com\",\"hotbak.net\",\"635sc.com\",\"jmydtc.com\",\"xahaihongbz.com\",\"fwtd.cn\",\"kaicen.cn\",\"vxiang1.com\",\"appleglitz.com\",\"kuaisounews.com\",\"yxjdcc.com\",\"fuyingdq.com\",\"viltd.com\",\"dingjisc.com\",\"tigresounds.com\",\"z7yule.cn\",\"cencelli.it\",\"duoduohelp.com\",\"qiuxiami.com\",\"aibu8w.com\",\"yulindown.com\",\"njyyjsxx.com\",\"yinyan.org\",\"movervip.com\",\"hao4k.cn\",\"zhaihai.com\",\"yesterdaysapples.com\",\"lzbxgmjj.com\",\"cihangyuan.com\",\"huangheidc.com\",\"entertainment14.net\",\"ecvss.org\",\"copyan.com\",\"51dongshi.com\",\"wowoka.com\",\"ji9.org\",\"allside.news\",\"projectservers.net\",\"0752173.com\",\"lsmoody.com\",\"naotan020.com\",\"zcblsw.com\",\"ctcea.org\",\"vk-c.net\",\"jun365.net\",\"zbqy.net\",\"lawpingsew.com\",\"xianjinghn.com\",\"sonanone.com\",\"zhangjingchu.org\",\"wispypages.com\",\"sdfymy777.com\",\"lwesedu.com\",\"immo-logis.net\",\"weiboroom.com\",\"gzgxzsj.com\",\"thelittlestrawberryfarm.com\",\"huangjinqihuo.com\",\"odf-ts.com/directory\",\"suxa.org\",\"shouji211.com\",\"homewanchai.com\",\"bypidenver.com\"],\"isBlockDisplay\":true,\"isBlockBtnDisplay\":false,\"Style_BaiduLite\":true,\"isGooleInBaiduModeEnable\":false,\"lastSaveTime\":1621766579447,\"isEnLang\":false,\"isAutopage\":true,\"isBlockBtnNotDisplay\":true,\"baidu\":{\"name\":\"baidu\",\"AdsStyleMode\":\"3\",\"HuYanMode\":false},\"google\":{\"name\":\"google\",\"AdsStyleMode\":\"0\",\"HuYanMode\":false},\"bing\":{\"name\":\"bing\",\"AdsStyleMode\":\"3\",\"HuYanMode\":false},\"duck\":{\"name\":\"duck\",\"AdsStyleMode\":\"3\",\"HuYanMode\":false},\"doge\":{\"name\":\"doge\",\"AdsStyleMode\":\"3\",\"HuYanMode\":false},\"sogou\":{\"name\":\"sogou\",\"AdsStyleMode\":\"1\",\"HuYanMode\":false},\"zhihu\":{\"name\":\"zhihu\",\"AdsStyleMode\":\"0\",\"HuYanMode\":false},\"other\":{\"name\":\"other\",\"AdsStyleMode\":\"0\",\"HuYanMode\":false},\"normalizeDuck\":true,\"acceptLicense\":true}","defaultFaviconUrl":"shttps://ws1.sinaimg.cn/large/6a155794ly1foijtdzhxhj200w00wjr5.jpg","doDisableSug":"btrue","isALineEnable":"bfalse","isAdsEnable":"btrue","isCounterEnable":"bfalse","isFaviconEnable":"btrue","isRedirectEnable":"btrue","isRightDisplayEnable":"btrue","version":"s20.3"},"ts":1621766579447}