{"options":{"check_for_updates":true,"comment":null,"compat_foreach":false,"compat_metadata":false,"compat_prototypes":false,"compat_wrappedjsobject":false,"compatopts_for_requires":true,"noframes":null,"override":{"merge_connects":true,"merge_excludes":true,"merge_includes":true,"merge_matches":true,"orig_connects":["raw.githubusercontent.com","cdn.jsdelivr.net","cn.bing.com","www.bing.com","translate.google.cn","translate.google.com","*"],"orig_excludes":["*://*.bilibili.com/*/mobile.html","*://*.bilibili.com/api/*","*://api.bilibili.com/*","*://api.*.bilibili.com/*","*://live.bilibili.com/h5/*","*://live.bilibili.com/*/h5/*","*://m.bilibili.com/*","*://mall.bilibili.com/*","*://member.bilibili.com/studio/bs-editor/*","*://www.bilibili.com/h5/*","*://www.bilibili.com/*/h5/*"],"orig_includes":[],"orig_matches":["*://*.bilibili.com/*"],"orig_noframes":null,"orig_run_at":"document-start","use_blockers":[],"use_connects":[],"use_excludes":[],"use_includes":[],"use_matches":[]},"run_at":null},"settings":{"enabled":true,"position":2},"meta":{"name":"Bilibili Evolved","uuid":"de33f0d2-1b7e-43fc-9fae-3041f4e98d3d","modified":1621763083552,"file_url":"https://cdn.jsdelivr.net/gh/the1812/Bilibili-Evolved@master/bilibili-evolved.user.js"}}