{"options":{"check_for_updates":true,"comment":null,"compat_foreach":false,"compat_metadata":false,"compat_prototypes":false,"compat_wrappedjsobject":false,"compatopts_for_requires":true,"noframes":null,"override":{"merge_connects":true,"merge_excludes":true,"merge_includes":true,"merge_matches":true,"orig_excludes":[],"orig_includes":["http://*","https://*"],"orig_matches":[],"orig_noframes":null,"orig_run_at":"document-idle","use_blockers":[],"use_connects":[],"use_excludes":[],"use_includes":[],"use_matches":[]},"run_at":null},"settings":{"enabled":true,"position":12},"meta":{"name":"CL1024改进版","uuid":"d63b183e-e07d-4306-8ec8-f2dce9bb228b","modified":1620385894606,"file_url":"https://sleazyfork.org/scripts/11397-cl1024%E6%94%B9%E8%BF%9B%E7%89%88/code/CL1024%E6%94%B9%E8%BF%9B%E7%89%88.user.js"}}