{"options":{"check_for_updates":true,"comment":null,"compat_foreach":false,"compat_metadata":false,"compat_prototypes":false,"compat_wrappedjsobject":false,"compatopts_for_requires":true,"noframes":null,"override":{"merge_connects":true,"merge_excludes":true,"merge_includes":true,"merge_matches":true,"orig_excludes":[],"orig_includes":["*://github.com/*","*://github*","*://hub.fastgit.org/*"],"orig_matches":[],"orig_noframes":null,"orig_run_at":"document-end","use_blockers":[],"use_connects":[],"use_excludes":[],"use_includes":[],"use_matches":[]},"run_at":null},"settings":{"enabled":true,"position":1},"meta":{"name":"FastGithub 镜像加速访问、克隆和下载","uuid":"b541d63b-f78a-4043-b64e-58883ab2b0a1","modified":1620384402712,"file_url":"https://greasyfork.org/scripts/397419-fastgithub-%E9%95%9C%E5%83%8F%E5%8A%A0%E9%80%9F%E8%AE%BF%E9%97%AE-%E5%85%8B%E9%9A%86%E5%92%8C%E4%B8%8B%E8%BD%BD/code/FastGithub%20%E9%95%9C%E5%83%8F%E5%8A%A0%E9%80%9F%E8%AE%BF%E9%97%AE%E3%80%81%E5%85%8B%E9%9A%86%E5%92%8C%E4%B8%8B%E8%BD%BD.user.js"}}