{"options":{"check_for_updates":true,"comment":null,"compat_foreach":false,"compat_metadata":false,"compat_prototypes":false,"compat_wrappedjsobject":false,"compatopts_for_requires":true,"noframes":null,"override":{"merge_connects":true,"merge_excludes":true,"merge_includes":true,"merge_matches":true,"orig_excludes":[],"orig_includes":[],"orig_matches":["*://pan.baidu.com/disk/home*","*://yun.baidu.com/disk/home*"],"orig_noframes":null,"orig_run_at":"document-idle","use_blockers":[],"use_connects":[],"use_excludes":[],"use_includes":[],"use_matches":[]},"run_at":null},"settings":{"enabled":true,"position":9},"meta":{"name":"ZFDev-百度网盘 - 自定义分享密码","uuid":"c82ad993-7c57-44e7-9fce-b3b560b05e61","modified":1567238026633,"file_url":"https://greasyfork.org/scripts/374121-zfdev-%E7%99%BE%E5%BA%A6%E7%BD%91%E7%9B%98-%E8%87%AA%E5%AE%9A%E4%B9%89%E5%88%86%E4%BA%AB%E5%AF%86%E7%A0%81/code/ZFDev-%E7%99%BE%E5%BA%A6%E7%BD%91%E7%9B%98%20-%20%E8%87%AA%E5%AE%9A%E4%B9%89%E5%88%86%E4%BA%AB%E5%AF%86%E7%A0%81.user.js"}}