{"options":{"check_for_updates":true,"comment":null,"compat_foreach":false,"compat_metadata":false,"compat_prototypes":false,"compat_wrappedjsobject":false,"compatopts_for_requires":true,"noframes":null,"override":{"merge_connects":true,"merge_excludes":true,"merge_includes":true,"merge_matches":true,"orig_excludes":[],"orig_includes":["*://list.jd.com/list.html?*","*://coll.jd.com/list.html?*","*://list.jd.com/search?*","*://list.jd.com/Search?*","*://search.jd.com/search?*","*://search.jd.com/Search?*","*://www.jd.com/pinpai/*"],"orig_matches":[],"orig_noframes":null,"orig_run_at":"document-start","use_blockers":[],"use_connects":[],"use_excludes":[],"use_includes":[],"use_matches":[]},"run_at":null},"settings":{"enabled":true,"position":4},"meta":{"name":"京东自营过滤","uuid":"0fd3c08c-4d86-4189-9a62-42cefbd98f41","modified":1615459247965,"file_url":"https://greasyfork.org/scripts/33729-%E4%BA%AC%E4%B8%9C%E8%87%AA%E8%90%A5%E8%BF%87%E6%BB%A4/code/%E4%BA%AC%E4%B8%9C%E8%87%AA%E8%90%A5%E8%BF%87%E6%BB%A4.user.js"}}