{"data":{"menu_allTime":"btrue","menu_backToTop":"btrue","menu_blockUsers":"bfalse","menu_blockYanXuan":"bfalse","menu_collapsedAnswer":"btrue","menu_collapsedNowAnswer":"btrue","menu_customBlockUsers":"o[\"故事档案局\",\"盐选推荐\",\"盐选科普\",\"盐选成长计划\",\"知乎盐选会员\",\"知乎盐选创作者\",\"盐选心理\",\"盐选健康必修课\",\"盐选奇妙物语\",\"盐选生活馆\",\"盐选职场\",\"盐选文学甄选\",\"盐选作者小管家\",\"盐选博物馆\",\"盐选点金\",\"盐选测评室\",\"盐选科技前沿\",\"盐选会员精品\"]","menu_directLink":"btrue","menu_publishTop":"btrue","menu_typeTips":"btrue","xiu2_menu_allTime":"btrue","xiu2_menu_collapsedAnswer":"btrue","xiu2_menu_collapsedNowAnswer":"btrue","xiu2_menu_directLink":"btrue","xiu2_menu_publishTop":"btrue","xiu2_menu_typeTips":"btrue"},"ts":1621843030363}