{"data":{"CatPW":"o{\"date\":\"2021/6/14\",\"sCode\":\"\",\"unPW\":\"%22%3A%22%5Cu5bc6%5Cu7801%5Cu5fc5%5Cu987b%5Cu4e3a6~32%5Cu4e2a%5Cu5b57%5Cu7b26%22%2C%22passcheck%22%3A%22%5Cu4e24%5Cu6b21%5Cu5bc6%5Cu7801%5Cu8f93%5Cu5165%5Cu4e0d%5Cu4e00%5Cu81f4%22%2C%22phone%22%3A%22%5Cu8bf7%5Cu8f93%5Cu5165%5Cu6b63%5Cu786e%5Cu7684%5Cu624b%5Cu673a%5Cu53f7%5Cu7801%22%2C%22terms%22%3A%22%5Cu8bf7%5Cu9605%5Cu8bfb%5Cu5e76%5Cu540c%5Cu610f%5Cu6761%5Cu6b3e%22%2C%22sms_code%22%3A%22%5Cu9a8c%5Cu8bc1%5Cu7801%5Cu9519%5Cu8bef%22%2C%22captcha_verify%22%3A%22%5Cu8bf7%5Cu70b9%5Cu51fb%5Cu6309%5Cu94ae%5Cu8fdb%5Cu884c%5Cu9a8c%5Cu8bc1%22%2C%22captcha_fail%22%3A%22%5Cu70b9%5Cu51fb%5Cu9a8c%5Cu8bc1%5Cu5931%5Cu8d25%5Cuff0c%5Cu8bf7%5Cu91cd%5Cu8bd5%22%2C%22nonce%22%3A%22%5Cu968f%5Cu673a%5Cu6570%5Cu6821%5Cu9a8c%5Cu5931%5Cu8d25%22%2C%22req_error%22%3A%22%5Cu8bf7%5Cu6c42%5Cu5931%5Cu8d25%22%7D%2C%22follow_btn%22%3A%22%3Ci%20wpcom-icon%20wi%5C%22%3E%3Csvg%20true%5C%22%3E%3Cuse%20xlink%3A%23wi-add%5C%22%3E%3C%5C%2Fuse%3E%3C%5C%2Fsvg%3E%3C%5C%2Fi%3E%5Cu5173%5Cu6ce8%22%2C%22followed_btn%22%3A%22%5Cu5df2%5Cu5173%5Cu6ce8%22%2C%22user_card%22%3A%221%22%7D%3B\",\"Src\":\"https://soso.lanzoux.com/b00oa90qf#b32o\",\"surl\":\"\",\"Hash\":\"#b32o\",\"webSrc\":\"https%3A%2F%2Fwww.sixyin.com%2F2651.html\",\"webTitle\":\"Clash%20For%20Windows%20v0.15.10%20%E5%AE%A2%E6%88%B7%E7%AB%AF%E5%8F%8A%E6%B1%89%E5%8C%96%E8%A1%A5%E4%B8%81%20%7C%20%E5%85%AD%E9%9F%B3%E8%BD%AF%E4%BB%B6\"}","CatPW_Manage":"o{\"StorageSave\":true,\"UpdataConfig\":{\"UpdataSave\":true,\"UpdataNotify\":true,\"UpdataPlugin\":true,\"UpdataVersion\":\"3.18.22.3\"},\"StorageExp\":365}"},"ts":1623670686444}