{"options":{"check_for_updates":true,"comment":null,"compat_foreach":false,"compat_metadata":false,"compat_prototypes":false,"compat_wrappedjsobject":false,"compatopts_for_requires":true,"noframes":null,"override":{"merge_connects":true,"merge_excludes":true,"merge_includes":true,"merge_matches":true,"orig_excludes":[],"orig_includes":["http*://item.taobao.com/*","http*://s.taobao.com/*","http*://detail.tmall.com/item.htm*","http*://detail.liangxinyao.com/item.htm*","http*://chaoshi.detail.tmall.com/item.htm*","http*://item.jd.com/*","https://item.jd.hk/*","https://detail.tmall.hk/*","https://*.suning.com/*"],"orig_matches":[],"orig_noframes":null,"orig_run_at":"document-start","use_blockers":[],"use_connects":[],"use_excludes":[],"use_includes":[],"use_matches":[]},"run_at":null},"settings":{"enabled":false,"position":13},"meta":{"name":"购物党比价工具【再精简优化版】","uuid":"12d3d742-6b07-473f-92c5-11c733fee2af","modified":1610356035964,"file_url":"https://greasyfork.org/scripts/416426-%E8%B4%AD%E7%89%A9%E5%85%9A%E6%AF%94%E4%BB%B7%E5%B7%A5%E5%85%B7-%E5%86%8D%E7%B2%BE%E7%AE%80%E4%BC%98%E5%8C%96%E7%89%88/code/%E8%B4%AD%E7%89%A9%E5%85%9A%E6%AF%94%E4%BB%B7%E5%B7%A5%E5%85%B7%E3%80%90%E5%86%8D%E7%B2%BE%E7%AE%80%E4%BC%98%E5%8C%96%E7%89%88%E3%80%91.user.js"}}