{"options":{"check_for_updates":true,"comment":null,"compat_foreach":false,"compat_metadata":false,"compat_prototypes":false,"compat_wrappedjsobject":false,"compatopts_for_requires":true,"noframes":null,"override":{"merge_connects":true,"merge_excludes":true,"merge_includes":true,"merge_matches":true,"orig_excludes":["*://tieba.baidu.com/f/fdir*"],"orig_includes":["*://tieba.baidu.com/*","*://dq.tieba.com/*","*://jump2.bdimg.com/*","*://jump.bdimg.com/*"],"orig_matches":[],"orig_noframes":null,"orig_run_at":"document-body","use_blockers":[],"use_connects":[],"use_excludes":[],"use_includes":[],"use_matches":[]},"run_at":null},"settings":{"enabled":true,"position":10},"meta":{"name":"贴吧页面精简","uuid":"142f18d7-4522-47eb-bff6-df673cae1ccc","modified":1586239632901,"file_url":"https://greasyfork.org/scripts/23687-%E8%B4%B4%E5%90%A7%E9%A1%B5%E9%9D%A2%E7%B2%BE%E7%AE%80/code/%E8%B4%B4%E5%90%A7%E9%A1%B5%E9%9D%A2%E7%B2%BE%E7%AE%80.user.js"}}