{"options":{"check_for_updates":true,"comment":null,"compat_foreach":false,"compat_metadata":false,"compat_prototypes":false,"compat_wrappedjsobject":false,"compatopts_for_requires":true,"noframes":null,"override":{"merge_connects":true,"merge_excludes":true,"merge_includes":true,"merge_matches":true,"orig_excludes":[],"orig_includes":[],"orig_matches":["*://*/*"],"orig_noframes":true,"orig_run_at":"document-idle","use_blockers":[],"use_connects":[],"use_excludes":[],"use_includes":[],"use_matches":[]},"run_at":null},"settings":{"enabled":true,"position":17},"meta":{"name":"链接地址洗白白","uuid":"3b877257-4011-4eae-836a-3e183d09b5be","modified":1616760511877,"file_url":"https://greasyfork.org/scripts/373270-%E9%93%BE%E6%8E%A5%E5%9C%B0%E5%9D%80%E6%B4%97%E7%99%BD%E7%99%BD/code/%E9%93%BE%E6%8E%A5%E5%9C%B0%E5%9D%80%E6%B4%97%E7%99%BD%E7%99%BD.user.js"}}